Id,Predicted
22Nj7cPW,LALV
2A9QeqgD,HAHV
2AwkKhSz,LALV
2expHvQu,LAHV
2GxXMBY3,LALV
2pU4C4gF,LALV
2Rfinz4J,HAHV
2SEMzqof,HALV
2Sq686TD,HALV
2WbphZrp,HALV
373KK34v,LALV
3dEbnwT2,LALV
3DoS78m2,LALV
3fgmu6um,LALV
3LVDdVNB,HALV
3mjV4mGL,HALV
3PNiPgms,LAHV
3qx57sdx,HALV
3R9mYrL6,HALV
3sjpjz6f,HALV
3xJYstjN,HALV
3yHfoPP6,HALV
4czXwZet,HALV
4EWWptpS,LALV
4gR9b6aq,LALV
4HHwdWtV,HALV
4PUoBPia,HALV
4SRGiGUk,HALV
4vqUaP7r,LALV
4WmovCAj,HALV
4y5vtNyB,LAHV
4y74AGDG,LALV
4z6cwymt,HALV
4Zs4vQRQ,LALV
53X9M9BR,HALV
59grRu2y,LALV
5atw2iYe,HALV
5DkSPHRF,LAHV
5EZ8W6dB,LALV
5P2YFAzh,LALV
5T4Vhvig,HALV
5vbMMWMp,HALV
5YBZUJQo,LALV
6a322ZNU,HALV
6AMRPx99,HALV
6hX8gmPN,HALV
6kTk4hxr,HALV
6n9uPQTU,HALV
6nrQu29B,HALV
6Vgz4Kzj,LALV
6vMHagnV,HALV
6vQRwnAC,HALV
6XzG9PeW,LALV
754nY9jc,LAHV
78GtWgVk,LALV
79FYVtn6,HALV
7Aa3ZEbG,LALV
7avy3uqB,LALV
7DGd9ArS,LALV
7eoHvwyX,LALV
7GTGxYpU,LALV
7hzWTbd7,LALV
7i8p7jdk,LALV
7iL4wwWg,HALV
7mxoPCvq,HALV
7nCvzBcc,LALV
7P2Wnt8z,HALV
7paLtjRX,LALV
7PX2vUCL,HALV
7TdHCctH,LALV
7VChjCc9,HALV
7wsDGbcX,HALV
85H2QNd6,HALV
87xoyQmj,HALV
8Aeh7eM8,HAHV
8Ax5RZVH,HALV
8e7vQ7ea,LALV
8iQSucQP,LAHV
8itsenXi,HALV
8NrZSXoV,HALV
8U94PJiE,LALV
8vnKJfHp,HALV
8w6pvTfQ,LALV
8xTV3QXz,LALV
8ZTB32LH,LALV
99KmuvMX,HALV
9agjEvdx,LALV
9JBz9Dc7,HALV
9pRLokED,LALV
9tE2pWHT,LALV
9TroyemW,HALV
9UnZvisf,HALV
9Y7SvGSE,LALV
a2uAufNU,LALV
a7F5njWT,LALV
A8JCA9mr,LALV
a8JDJQpT,HAHV
A9ddSfLa,HALV
a9PZRBfC,HALV
Aa5QBmMr,LALV
AavRrgKE,HALV
AbejnRCn,LALV
ABUqp68i,HALV
aBVReN5h,LAHV
aCP8cAyW,HAHV
aE9ju8MJ,HALV
aeAJhhnG,LALV
AGApwiie,HALV
aGNzMKTk,LALV
AmLTji6L,LALV
Aq5ZsnNu,LALV
AQVC9ALh,LALV
aR4k5LXZ,LALV
ArFQhkcV,LALV
AsKZn9Yp,HALV
ATTpwns5,HALV
aUd9Tzie,LALV
avY9dbvK,LAHV
aVyoGeu4,LALV
AxZ7WiXM,HALV
AydsyQdv,LALV
azBq2P2x,LAHV
b2js2yj3,LALV
B4S7GacZ,LALV
b6v3fUSq,LAHV
b8bjRCsn,LAHV
bB5AReM3,LALV
BbA6uFSo,LALV
bbamLoJG,HAHV
BbsVhSQg,LALV
bcEAtW78,LALV
Bg8vo3Tw,HALV
bGkut8Lx,HALV
bJ6k4Txs,HALV
bKHxJjeg,HAHV
bLjnd7HW,HALV
BMA9Lwhi,LALV
BNuJBJSd,HALV
BRHniuDo,LALV
bSL6dLv6,HALV
bv7uerCx,LALV
bwMXkzQB,HAHV
bZH2TCw2,HALV
C2qH8svE,LALV
C3KjsVMM,HAHV
C6Hz6odk,LALV
Cank5bzv,LALV
cBL9Yyix,HALV
cC3VhAbp,LALV
cEbzFFZx,HALV
cEtq7svd,HALV
CfPdrmrG,HALV
chFu4HoC,HALV
CLDvgbBf,LALV
cLvrD2kK,HALV
cNJLPZEy,LAHV
cNm7QDMP,HALV
coVFywLK,LALV
Cp25CKUT,LALV
cPrGHVSh,HALV
CRGbMqSw,LALV
Ct8dM6rh,HAHV
cTLhVvSH,LALV
CVPhrn9t,HALV
cVwWBkWM,LALV
CX5kZXXQ,LAHV
cxGTDG23,LALV
cy6zrunu,LALV
cyxHJGWf,HALV
czgXgwCH,HAHV
cZQhE5yK,LAHV
D5datSfy,LALV
D8LXGock,LALV
DABY8KGW,HALV
DCuQ5r4T,HALV
ddJfNBD2,HALV
DdUdCR4J,HALV
DHG84kJJ,LALV
dJUPxYiA,HAHV
dKe4kc7p,LALV
DLgPf5bh,LALV
Do9q6mSE,LALV
DoiTynUP,LALV
DpES2ifB,LALV
DqZycguL,LALV
dTmNVzff,HALV
Dua22foc,LALV
DVt4V6RS,HALV
DVW3PNuj,HALV
DvZ2TzXb,LALV
dWRW9vuy,LAHV
dxCvM7kG,HALV
dZqm7nVc,HALV
E6SAW2gv,HAHV
E89Dh47A,LALV
e9Fvn8sE,HAHV
eAaLDKrB,HAHV
EAe2tQFN,HALV
EAkoXGHo,HALV
eB22ZYoi,LALV
ebEWMAds,HALV
EcibwG7t,LALV
Ed4uCv8r,HALV
eDPxgjYj,LALV
EhgZbciz,HALV
ejFUcXky,HALV
eN9jxoLS,LALV
Eo54iQBp,LALV
eSER4qyg,LALV
ETkaiyPm,LAHV
EtvWUFda,LALV
ev5VJkui,HALV
ewkJSzb5,LAHV
EWMSyYJo,HAHV
ex4MMJi6,HALV
eYLSBRHL,LAHV
F3BavkpD,LALV
F5nJryw5,LALV
FarncQmU,HALV
FawPXQ4h,LAHV
fbE3AwuZ,LALV
fCgZEy6S,HALV
fcWfUA4A,LALV
fD8Fv44J,LALV
FGPEqoNC,HALV
fjYWh44u,HALV
fL5CpNBB,LAHV
fLncN7xm,LALV
fmZqUGk6,LALV
fNW2y6ko,LAHV
fPyoi8ED,LAHV
fRLzRPUe,HAHV
FRz8F8Sw,HALV
FrzEXbLF,HALV
FSBz4usX,HALV
FUUsSdQw,HAHV
fW84Gpgi,LALV
fWaFAdLW,LALV
fwmNQqms,HALV
fWuhAwhf,LALV
fxYtEehj,HAHV
FZaU5tsa,HALV
FZnFqaMW,HALV
G2EwWwiY,HALV
g3XX5pYk,LALV
G44ZkkSP,HALV
g9e7hxeC,HALV
G9xsyeNq,LALV
GAFEcJWg,HALV
GBgB4zLR,HALV
gC9UhrAy,LALV
gcSwAPjn,HALV
GEUAp6T9,LAHV
gFR5d9pD,LALV
gGXedyUe,LALV
GizigmKc,HALV
gksowDRa,LALV
gMVK2WYR,LALV
gnSced5m,HALV
gTCc82H2,HALV
gY3EzznL,HALV
GykBv8ur,HALV
gzNh2q9d,HALV
h49fVczg,HALV
h4KVzywu,HALV
h8xwFVsu,HALV
ha5iKy4f,LALV
hcxGJUXG,LALV
HCYm3brU,HALV
HDE7EXc6,LAHV
hgsdR8ia,LAHV
hHSWyvuQ,HALV
HiuYU9Ry,LALV
hnovPiRn,LALV
HNZfuf4h,HALV
HQzrfGff,LALV
hULQTkPn,HALV
HvYVVJGa,LALV
hy3WpgDY,HALV
i3izMvhK,LALV
i6gRxj9f,HAHV
iCaUWmXg,LALV
if9WuzdA,LALV
iikSZA97,HALV
img2KKZy,HALV
iRdbstdZ,HALV
ivoV835Q,HAHV
iY4f8UZ8,LALV
j5thDepp,HALV
j69kQYJs,LALV
j9Tfmrbw,HALV
Jd5bnwxo,LAHV
jdpcfRNs,HALV
jeYnPyHN,LALV
JF3RW6qN,HALV
JjA4YDys,LALV
jjwDKhSq,HALV
Jm3LGfgt,LALV
JM3NZkRA,HALV
JMUW6dai,HALV
jNGHc4j9,LALV
jp4Zxhau,LALV
JpHZ6sRk,LALV
jsvqTE3M,LALV
Jvvfyjau,HALV
JWj8vNNv,LALV
JXvjtbGh,HALV
jyUDNewE,LALV
jZQnYZ9W,LALV
jzuchB25,HALV
k2stMbG7,LAHV
K3hHEaP9,HALV
k4atkC67,HALV
k8MFhTVi,LAHV
KAgwyH9S,LALV
KCCmv9UE,LALV
kCNWa2xk,LALV
kCz9DVFK,HALV
kdmJ6NXH,HALV
KfphhgNw,LALV
KfTirUjG,HALV
kHnWnzNR,LALV
khQgh4m8,HALV
kijBresC,HALV
KiSPDRg8,LALV
kLvtnGRX,HALV
KmaSWnRB,HALV
kMQHhXiR,LALV
ko7tBNH7,LALV
KpGJuCpV,HALV
kQB8NfDG,HALV
kSbC4ofM,HAHV
KTJ2P5gx,LALV
KUDubdYD,LALV
KwoHNUex,LALV
KxyLBEfj,HALV
Kyb3TCJa,LAHV
KYV5QcKL,HALV
Lb6eTHvT,LAHV
LBSnnYYa,HALV
LchorL8x,LALV
LDEcVyMY,LALV
LDtx2WKt,LAHV
LE2NEuna,LALV
Leb3g4wY,LALV
LeB735zG,HALV
LKbt4Tj7,LAHV
Lrimwo2x,HALV
LtYg2Fwc,LALV
LwmdPGfo,HALV
m4zNGN6D,HALV
m624uk4j,HALV
m8Brk8st,LAHV
m8KRPHVS,HALV
MBEoqac4,LALV
MCbUCt9d,HALV
MCVPhrAR,HALV
MDWtBp6L,LALV
MFaZAM5Z,LALV
mHHCjDKY,LALV
MJc75oh7,LALV
mMpDk8fy,LAHV
MpgnreNi,HALV
mq93akuM,LALV
mScimQEc,LALV
mSfztEo8,HALV
Mw3Afn9z,LALV
mX6TfiWv,HALV
mXmNG7yM,LALV
My9unG8v,HALV
MygRjRVq,HALV
MYgXTRrK,LALV
n2qjMNfj,HALV
n87zeSgw,LALV
n8cYDWaP,LALV
NA5pyXpw,LALV
NaEgHPeu,LALV
nBACFTem,HALV
NBJ6fwm7,LALV
nBSHU9dT,LALV
NEhbVQ7T,HALV
Neybzj4J,LALV
NFtsBuRQ,LALV
ngJoPX6D,HAHV
NgT2PKat,LALV
NJodZPZf,LAHV
NjrFQpy9,HALV
NngnMepb,LALV
NNhPoPSU,HALV
nooePQTS,HALV
NpMjAPjP,HALV
NPup5TLa,LALV
NqKrqqZG,LALV
NqSmd4Yi,HALV
NrPe3kNK,LALV
Nst6YmUA,LALV
nTqgtrHW,HALV
nwrwX7pQ,LALV
nwVdfiaL,HALV
nYrxMjHh,HALV
nzQBrHiW,HALV
o45jK6jH,HALV
o7h7AVRA,HALV
o7HL6xhK,LALV
oB2di6KH,LALV
oRfds8DB,HAHV
P426dUyR,HALV
P7fQWuqP,HALV
PJgod5FQ,HAHV
PkKXitoC,HALV
PmQpc7E9,HALV
PtjpAJQ3,LALV
PTjZQibn,HALV
PW26UvKv,HALV
PxdsyVTY,LALV
PxQHSJtd,LAHV
PYfruRSX,HALV
QAZUtNdz,HALV
QB3Ge6py,HALV
QEJuu5Wo,LALV
QFrnpEHX,HAHV
QhNyYSy6,HAHV
QkKFMvUF,HALV
QqyNzUTN,HALV
R264wmPk,HALV
R45ka6Rm,HALV
R5vLJDGA,HAHV
RB6GKBoA,HAHV
REo5Uzzk,LALV
RkzcPBkv,LALV
RLRve3E8,LALV
RP4ycNU7,LALV
ShR6K3m8,HALV
SkJdeSLe,LALV
Ss7uiNJY,HALV
SXtDUDGs,LAHV
T4hbrDbd,HALV
T6GasP89,LAHV
T7yQoE3o,LALV
TDZgd8Ax,HALV
TE5WPwMM,HALV
TeXh6thw,LAHV
TFP2rw3B,HALV
TGc93iuH,HALV
TGv72vQF,LAHV
TjvnPVCf,LAHV
TofViyhQ,LALV
TpuuoePP,HALV
TTSbjUii,LALV
TV3TWYUj,HALV
TVXtdpNM,HALV
Tvyo4Bfy,LALV
TWdBiUoP,LALV
TxN2hJk9,HALV
TzF7Vuto,LALV
U2ZWTvBD,LALV
UcUFsV7Z,HAHV
UefXiARR,LALV
UGavKbWb,HALV
UgiJ9oH5,HALV
UhEYLyyh,LALV
UHZcrweH,HALV
UjFNeEwT,HALV
UjMFmbi3,LALV
UjwvFUXw,LAHV
UoV5NV5o,HALV
UqGhvvvJ,LALV
Uqz2Tbym,LAHV
UT5xtuFm,HAHV
Utxp4CX6,HALV
UXX2RsZy,LALV
UzXoYjZE,HALV
V3B2xqU6,HALV
V3enjcRw,LAHV
VBBJNwsZ,LALV
Vbt3NUQ8,HALV
Ve44ydKp,LALV
VGqDg5Ku,LALV
VLHRYYH2,LALV
VLRPJSdg,LALV
VnKmjfNJ,LALV
VPsMHcWu,HALV
VQdYQw4k,HALV
VutzFqXz,HALV
VW9mgPg2,LAHV
VyuXCdZy,HALV
WBeNWBNG,HALV
We2XrRWJ,LALV
WM4PV2Pk,HALV
WMiHi5rf,HAHV
WobRpFjh,HALV
WpujP8kH,LAHV
WRfcgAkG,LALV
WTkaCrs2,LAHV
X84hjE4w,LALV
X8cJks4i,LAHV
X8YXe396,LAHV
X9KVuffo,HALV
XAu88aqX,LALV
XD8ufP7S,LALV
Xg4NZorw,LALV
XhEANNXB,LALV
XjoUXLij,LALV
XmHyW4Zs,LALV
XnqwPvAf,LAHV
XnvZwViT,LALV
XxeXw76V,LALV
YbcmuVAg,LAHV
YduT2DPT,LALV
Ym5xTHNG,HALV
YNTQwZ7s,HAHV
YT3ANAJq,HALV
YtVABVCc,LALV
YUp6svSP,HALV
YYmAD4Xe,LAHV
YYQUNhna,HAHV
ZA8coj5c,HAHV
ZgvH8xYs,LALV
ZH9hmZSK,HALV
Zj9W2F3g,LALV
ZLucymf5,HALV
ZYSKWRfF,LAHV
